{
    "firstSurname": {
      "left": 0.302806499261448,
      "top": 0.309322033898305
    },
    "secondSurname": {
      "left": 0.302806499261448,
      "top": 0.35593220338983
    },
    "name": {
      "left": 0.302806499261448,
      "top": 0.400616332819723
    },
    "streetNumber": {
      "left": 0.302806499261448,
      "top": 0.488058551617874
    },
    "municipalityZIP": {
      "left": 0.302806499261448,
      "top": 0.535824345146379
    },
    "cityState": {
      "left": 0.302806499261448,
      "top": 0.580893682588598
    },
    "curp": {
      "left": 0.359428852781881,
      "top": 0.693374422187982
    },
    "dob": {
      "left": 0.777941900541605,
      "top": 0.298536209553159
    },
    "sex": {
      "left": 0.883801083210241,
      "top": 0.355546995377504
    }
}