{
    "firstSurname": {
      "left": 0.344657804,
      "top": 0.30816641
    },
    "secondSurname": {
      "left": 0.344657804,
      "top": 0.352465331
    },
    "name": {
      "left": 0.344657804,
      "top": 0.403697997
    },
    "streetNumber": {
      "left": 0.344657804,
      "top": 0.506548536209553
    },
    "municipalityZIP": {
      "left": 0.344657804,
      "top": 0.552773497688752
    },
    "cityState": {
      "left": 0.344657804,
      "top": 0.602850539291217
    },
    "curp": {
      "left": 0.40201871,
      "top": 0.731895223420647
    },
    "dob": {
      "left": 0.841949778,
      "top": 0.302388289676425
    },
    "sex": {
      "left": 0.952732644,
      "top": 0.356317411402157
    }
}