{
    "firstSurname": {
      "left": 0.340193704600484,
      "top": 0.310774539877301
    },
    "secondSurname": {
      "left": 0.340193704600484,
      "top": 0.361004601226994
    },
    "name": {
      "left": 0.340193704600484,
      "top": 0.407016871165644
    },
    "streetNumber": {
      "left": 0.340193704600484,
      "top": 0.499808282208589
    },
    "municipalityZIP": {
      "left": 0.340193704600484,
      "top": 0.548504601226994
    },
    "cityState": {
      "left": 0.340193704600484,
      "top": 0.59739263803681
    },
    "curp": {
      "left": 0.396973365617433,
      "top": 0.717599693251534
    },
    "dob": {
      "left": 0.80956416464891,
      "top": 0.308665644171779
    },
    "sex": {
      "left": 0.907627118644068,
      "top": 0.358895705521472
    }
}